complex.id,Gene,CDR3,V,J,Species,MHC A,MHC B,MHC class,Epitope,Epitope gene,Epitope_species,Reference,Method,Meta,CDR3fix,Score
0,TRB,CASRDRAPSYEQYF,TRBV7-2*01,TRBJ2-7*01,HomoSapiens,HLA-A*02:01,B2M,MHCI,GLCTLVAML,BMLF1,EBV,PMID:28636589,"{""frequency"": ""4e-04"", ""identification"": ""tetramer-sort"", ""sequencing"": ""amplicon-seq"", ""singlecell"": """", ""verification"": """"}","{""cell.subset"": """", ""clone.id"": """", ""donor.MHC"": """", ""donor.MHC.method"": """", ""epitope.id"": """", ""replica.id"": """", ""samples.found"": 1, ""structure.id"": """", ""studies.found"": 1, ""study.id"": ""davis-bulk"", ""subject.cohort"": """", ""subject.id"": ""subject-1mc1"", ""tissue"": ""PBMC""}","{""cdr3"": ""CASRDRAPSYEQYF"", ""cdr3_old"": ""CASRDRAPSYEQYF"", ""fixNeeded"": false, ""good"": true, ""jCanonical"": true, ""jFixType"": ""NoFixNeeded"", ""jId"": ""TRBJ2-7*01"", ""jStart"": 8, ""vCanonical"": true, ""vEnd"": 3, ""vFixType"": ""NoFixNeeded"", ""vId"": ""TRBV7-2*01""}",0
0,TRB,CASRDRAPSYEQYF,TRBV7-2*01,TRBJ2-7*01,HomoSapiens,HLA-A*02:01,B2M,MHCI,NLVPMVATV,pp65,CMV,PMID:28636589,"{""frequency"": ""1/88"", ""identification"": ""tetramer-sort"", ""sequencing"": ""amplicon-seq"", ""singlecell"": ""yes"", ""verification"": """"}","{""cell.subset"": """", ""clone.id"": """", ""donor.MHC"": """", ""donor.MHC.method"": """", ""epitope.id"": """", ""replica.id"": """", ""samples.found"": 1, ""structure.id"": """", ""studies.found"": 1, ""study.id"": ""davis-single-cell"", ""subject.cohort"": """", ""subject.id"": ""subject.2533"", ""tissue"": ""PBMC""}","{""cdr3"": ""CASRDRAPSYEQYF"", ""cdr3_old"": ""CASRDRAPSYEQYF"", ""fixNeeded"": false, ""good"": true, ""jCanonical"": true, ""jFixType"": ""NoFixNeeded"", ""jId"": ""TRBJ2-7*01"", ""jStart"": 8, ""vCanonical"": true, ""vEnd"": 3, ""vFixType"": ""NoFixNeeded"", ""vId"": ""TRBV7-2*01""}",0
0,TRB,CASRPPGVYEQYF,TRBV28*01,TRBJ2-7*01,HomoSapiens,HLA-B*35:01,B2M,MHCI,EPLPQGQLTAY,BZLF1,EBV,PMID:16148129,"{""frequency"": ""1/33"", ""identification"": ""tetramer-sort"", ""sequencing"": ""sanger"", ""singlecell"": """", ""verification"": """"}","{""cell.subset"": ""CD8+"", ""clone.id"": """", ""donor.MHC"": ""HLA-B*35:01"", ""donor.MHC.method"": ""sequencing"", ""epitope.id"": """", ""replica.id"": """", ""samples.found"": 1, ""structure.id"": """", ""studies.found"": 1, ""study.id"": """", ""subject.cohort"": ""healthy"", ""subject.id"": ""DY"", ""tissue"": ""CTL culture""}","{""cdr3"": ""CASRPPGVYEQYF"", ""cdr3_old"": ""CASRPPGVYEQYF"", ""fixNeeded"": false, ""good"": true, ""jCanonical"": true, ""jFixType"": ""NoFixNeeded"", ""jId"": ""TRBJ2-7*01"", ""jStart"": 8, ""vCanonical"": true, ""vEnd"": 3, ""vFixType"": ""NoFixNeeded"", ""vId"": ""TRBV28*01""}",0
0,TRB,CASRPPGVYEQYF,TRBV27*01,TRBJ2-7*01,HomoSapiens,HLA-A*02,B2M,MHCI,NLVPMVATV,pp65,CMV,PMID:28423320,"{""frequency"": ""0.0012%"", ""identification"": ""antigen-loaded-targets,dextramer-sort"", ""sequencing"": ""amplicon-seq"", ""singlecell"": """", ""verification"": """"}","{""cell.subset"": ""CD8+"", ""clone.id"": """", ""donor.MHC"": """", ""donor.MHC.method"": """", ""epitope.id"": ""44920"", ""replica.id"": """", ""samples.found"": 1, ""structure.id"": """", ""studies.found"": 1, ""study.id"": """", ""subject.cohort"": """", ""subject.id"": """", ""tissue"": ""PBMC""}","{""cdr3"": ""CASRPPGVYEQYF"", ""cdr3_old"": ""CASRPPGVYEQYF"", ""fixNeeded"": false, ""good"": true, ""jCanonical"": true, ""jFixType"": ""NoFixNeeded"", ""jId"": ""TRBJ2-7*01"", ""jStart"": 8, ""vCanonical"": true, ""vEnd"": 3, ""vFixType"": ""NoFixNeeded"", ""vId"": ""TRBV27*01""}",0
7458,TRB,CASSEGQVSPGELFF,TRBV2*01,TRBJ2-2*01,HomoSapiens,HLA-A*02:01,B2M,MHCI,GILGFVFTL,M,InfluenzaA,https://www.10xgenomics.com/resources/application-notes/a-new-way-of-exploring-immunity-linking-highly-multiplexed-antigen-recognition-to-immune-repertoire-and-phenotype/#,"{""frequency"": ""1/33921"", ""identification"": ""dextramer-sort"", ""sequencing"": ""rna-seq"", ""singlecell"": ""yes"", ""verification"": """"}","{""cell.subset"": """", ""clone.id"": """", ""donor.MHC"": """", ""donor.MHC.method"": """", ""epitope.id"": """", ""replica.id"": """", ""samples.found"": 1, ""structure.id"": """", ""studies.found"": 1, ""study.id"": """", ""subject.cohort"": """", ""subject.id"": ""2"", ""tissue"": """"}","{""cdr3"": ""CASSEGQVSPGELFF"", ""cdr3_old"": ""CASSEGQVSPGELFF"", ""fixNeeded"": false, ""good"": true, ""jCanonical"": true, ""jFixType"": ""NoFixNeeded"", ""jId"": ""TRBJ2-2*01"", ""jStart"": 10, ""vCanonical"": true, ""vEnd"": 5, ""vFixType"": ""NoFixNeeded"", ""vId"": ""TRBV2*01""}",0
8034,TRB,CASSEGQVSPGELFF,TRBV2*01,TRBJ2-2*01,HomoSapiens,HLA-A*02:01,B2M,MHCI,GLCTLVAML,BMLF1,EBV,https://www.10xgenomics.com/resources/application-notes/a-new-way-of-exploring-immunity-linking-highly-multiplexed-antigen-recognition-to-immune-repertoire-and-phenotype/#,"{""frequency"": ""30/33921"", ""identification"": ""dextramer-sort"", ""sequencing"": ""rna-seq"", ""singlecell"": ""yes"", ""verification"": """"}","{""cell.subset"": """", ""clone.id"": """", ""donor.MHC"": """", ""donor.MHC.method"": """", ""epitope.id"": """", ""replica.id"": """", ""samples.found"": 1, ""structure.id"": """", ""studies.found"": 1, ""study.id"": """", ""subject.cohort"": """", ""subject.id"": ""2"", ""tissue"": """"}","{""cdr3"": ""CASSEGQVSPGELFF"", ""cdr3_old"": ""CASSEGQVSPGELFF"", ""fixNeeded"": false, ""good"": true, ""jCanonical"": true, ""jFixType"": ""NoFixNeeded"", ""jId"": ""TRBJ2-2*01"", ""jStart"": 10, ""vCanonical"": true, ""vEnd"": 5, ""vFixType"": ""NoFixNeeded"", ""vId"": ""TRBV2*01""}",0
0,TRB,CASSEGQVSPGELFF,TRBV2*01,TRBJ2-2*01,HomoSapiens,HLA-A*02,B2M,MHCI,NLVPMVATV,pp65,CMV,PMID:28423320,"{""frequency"": ""0.0023%"", ""identification"": ""antigen-loaded-targets,dextramer-sort"", ""sequencing"": ""amplicon-seq"", ""singlecell"": """", ""verification"": """"}","{""cell.subset"": ""CD8+"", ""clone.id"": """", ""donor.MHC"": """", ""donor.MHC.method"": """", ""epitope.id"": ""44920"", ""replica.id"": """", ""samples.found"": 1, ""structure.id"": """", ""studies.found"": 1, ""study.id"": """", ""subject.cohort"": """", ""subject.id"": """", ""tissue"": ""PBMC""}","{""cdr3"": ""CASSEGQVSPGELFF"", ""cdr3_old"": ""CASSEGQVSPGELFF"", ""fixNeeded"": false, ""good"": true, ""jCanonical"": true, ""jFixType"": ""NoFixNeeded"", ""jId"": ""TRBJ2-2*01"", ""jStart"": 10, ""vCanonical"": true, ""vEnd"": 5, ""vFixType"": ""NoFixNeeded"", ""vId"": ""TRBV2*01""}",0
15576,TRB,CASSFPGAEAFF,TRBV27*01,TRBJ1-1*01,HomoSapiens,HLA-A*11:01,B2M,MHCI,AVFDRKSDAK,EBNA4,EBV,https://www.10xgenomics.com/resources/application-notes/a-new-way-of-exploring-immunity-linking-highly-multiplexed-antigen-recognition-to-immune-repertoire-and-phenotype/#,"{""frequency"": ""1/25584"", ""identification"": ""dextramer-sort"", ""sequencing"": ""rna-seq"", ""singlecell"": ""yes"", ""verification"": """"}","{""cell.subset"": """", ""clone.id"": """", ""donor.MHC"": """", ""donor.MHC.method"": """", ""epitope.id"": """", ""replica.id"": """", ""samples.found"": 1, ""structure.id"": """", ""studies.found"": 1, ""study.id"": """", ""subject.cohort"": """", ""subject.id"": ""3"", ""tissue"": """"}","{""cdr3"": ""CASSFPGAEAFF"", ""cdr3_old"": ""CASSFPGAEAFF"", ""fixNeeded"": false, ""good"": true, ""jCanonical"": true, ""jFixType"": ""NoFixNeeded"", ""jId"": ""TRBJ1-1*01"", ""jStart"": 8, ""vCanonical"": true, ""vEnd"": 4, ""vFixType"": ""NoFixNeeded"", ""vId"": ""TRBV27*01""}",0
0,TRB,CASSFPGAEAFF,TRBV27*01,TRBJ1-1*01,HomoSapiens,HLA-A*02,B2M,MHCI,NLVPMVATV,pp65,CMV,PMID:28423320,"{""frequency"": ""0.0076%"", ""identification"": ""antigen-loaded-targets,dextramer-sort"", ""sequencing"": ""amplicon-seq"", ""singlecell"": """", ""verification"": """"}","{""cell.subset"": ""CD8+"", ""clone.id"": """", ""donor.MHC"": """", ""donor.MHC.method"": """", ""epitope.id"": ""44920"", ""replica.id"": """", ""samples.found"": 1, ""structure.id"": """", ""studies.found"": 1, ""study.id"": """", ""subject.cohort"": """", ""subject.id"": """", ""tissue"": ""PBMC""}","{""cdr3"": ""CASSFPGAEAFF"", ""cdr3_old"": ""CASSFPGAEAFF"", ""fixNeeded"": false, ""good"": true, ""jCanonical"": true, ""jFixType"": ""NoFixNeeded"", ""jId"": ""TRBJ1-1*01"", ""jStart"": 8, ""vCanonical"": true, ""vEnd"": 4, ""vFixType"": ""NoFixNeeded"", ""vId"": ""TRBV27*01""}",0
20733,TRB,CASSLAGGNNEQFF,TRBV27*01,TRBJ2-1*01,HomoSapiens,HLA-A*11:01,B2M,MHCI,IVTDFSVIK,EBNA4,EBV,https://www.10xgenomics.com/resources/application-notes/a-new-way-of-exploring-immunity-linking-highly-multiplexed-antigen-recognition-to-immune-repertoire-and-phenotype/#,"{""frequency"": ""1/25584"", ""identification"": ""dextramer-sort"", ""sequencing"": ""rna-seq"", ""singlecell"": ""yes"", ""verification"": """"}","{""cell.subset"": """", ""clone.id"": """", ""donor.MHC"": """", ""donor.MHC.method"": """", ""epitope.id"": """", ""replica.id"": """", ""samples.found"": 1, ""structure.id"": """", ""studies.found"": 1, ""study.id"": """", ""subject.cohort"": """", ""subject.id"": ""3"", ""tissue"": """"}","{""cdr3"": ""CASSLAGGNNEQFF"", ""cdr3_old"": ""CASSLAGGNNEQFF"", ""fixNeeded"": false, ""good"": true, ""jCanonical"": true, ""jFixType"": ""NoFixNeeded"", ""jId"": ""TRBJ2-1*01"", ""jStart"": 9, ""vCanonical"": true, ""vEnd"": 5, ""vFixType"": ""NoFixNeeded"", ""vId"": ""TRBV27*01""}",0
10750,TRB,CASSLAGGNNEQFF,TRBV12-4*01,TRBJ2-1*01,HomoSapiens,HLA-A*03:01,B2M,MHCI,KLGGALQAK,IE1,CMV,https://www.10xgenomics.com/resources/application-notes/a-new-way-of-exploring-immunity-linking-highly-multiplexed-antigen-recognition-to-immune-repertoire-and-phenotype/#,"{""frequency"": ""1/25584"", ""identification"": ""dextramer-sort"", ""sequencing"": ""rna-seq"", ""singlecell"": ""yes"", ""verification"": """"}","{""cell.subset"": """", ""clone.id"": """", ""donor.MHC"": """", ""donor.MHC.method"": """", ""epitope.id"": """", ""replica.id"": """", ""samples.found"": 1, ""structure.id"": """", ""studies.found"": 1, ""study.id"": """", ""subject.cohort"": """", ""subject.id"": ""3"", ""tissue"": """"}","{""cdr3"": ""CASSLAGGNNEQFF"", ""cdr3_old"": ""CASSLAGGNNEQFF"", ""fixNeeded"": false, ""good"": true, ""jCanonical"": true, ""jFixType"": ""NoFixNeeded"", ""jId"": ""TRBJ2-1*01"", ""jStart"": 9, ""vCanonical"": true, ""vEnd"": 5, ""vFixType"": ""NoFixNeeded"", ""vId"": ""TRBV12-4*01""}",0
0,TRB,CASSLAGGNNEQFF,TRBV4-1*01,TRBJ2-1*01,HomoSapiens,HLA-A*02,B2M,MHCI,NLVPMVATV,pp65,CMV,PMID:28423320,"{""frequency"": ""0.0010%"", ""identification"": ""antigen-loaded-targets,dextramer-sort"", ""sequencing"": ""amplicon-seq"", ""singlecell"": """", ""verification"": """"}","{""cell.subset"": ""CD8+"", ""clone.id"": """", ""donor.MHC"": """", ""donor.MHC.method"": """", ""epitope.id"": ""44920"", ""replica.id"": """", ""samples.found"": 1, ""structure.id"": """", ""studies.found"": 1, ""study.id"": """", ""subject.cohort"": """", ""subject.id"": """", ""tissue"": ""PBMC""}","{""cdr3"": ""CASSLAGGNNEQFF"", ""cdr3_old"": ""CASSLAGGNNEQFF"", ""fixNeeded"": false, ""good"": true, ""jCanonical"": true, ""jFixType"": ""NoFixNeeded"", ""jId"": ""TRBJ2-1*01"", ""jStart"": 9, ""vCanonical"": true, ""vEnd"": 4, ""vFixType"": ""NoFixNeeded"", ""vId"": ""TRBV4-1*01""}",0
12280,TRB,CASSLGENTGELFF,TRBV12-4*01,TRBJ2-2*01,HomoSapiens,HLA-A*11:01,B2M,MHCI,AVFDRKSDAK,EBNA4,EBV,https://www.10xgenomics.com/resources/application-notes/a-new-way-of-exploring-immunity-linking-highly-multiplexed-antigen-recognition-to-immune-repertoire-and-phenotype/#,"{""frequency"": ""1/25584"", ""identification"": ""dextramer-sort"", ""sequencing"": ""rna-seq"", ""singlecell"": ""yes"", ""verification"": """"}","{""cell.subset"": """", ""clone.id"": """", ""donor.MHC"": """", ""donor.MHC.method"": """", ""epitope.id"": """", ""replica.id"": """", ""samples.found"": 1, ""structure.id"": """", ""studies.found"": 1, ""study.id"": """", ""subject.cohort"": """", ""subject.id"": ""3"", ""tissue"": """"}","{""cdr3"": ""CASSLGENTGELFF"", ""cdr3_old"": ""CASSLGENTGELFF"", ""fixNeeded"": false, ""good"": true, ""jCanonical"": true, ""jFixType"": ""NoFixNeeded"", ""jId"": ""TRBJ2-2*01"", ""jStart"": 7, ""vCanonical"": true, ""vEnd"": 5, ""vFixType"": ""NoFixNeeded"", ""vId"": ""TRBV12-4*01""}",0
0,TRB,CASSLGENTGELFF,TRBV5-6*01,TRBJ2-2*01,HomoSapiens,HLA-A*02,B2M,MHCI,NLVPMVATV,pp65,CMV,PMID:28423320,"{""frequency"": ""0.0002%"", ""identification"": ""antigen-loaded-targets,dextramer-sort"", ""sequencing"": ""amplicon-seq"", ""singlecell"": """", ""verification"": """"}","{""cell.subset"": ""CD8+"", ""clone.id"": """", ""donor.MHC"": """", ""donor.MHC.method"": """", ""epitope.id"": ""44920"", ""replica.id"": """", ""samples.found"": 1, ""structure.id"": """", ""studies.found"": 1, ""study.id"": """", ""subject.cohort"": """", ""subject.id"": """", ""tissue"": ""PBMC""}","{""cdr3"": ""CASSLGENTGELFF"", ""cdr3_old"": ""CASSLGENTGELFF"", ""fixNeeded"": false, ""good"": true, ""jCanonical"": true, ""jFixType"": ""NoFixNeeded"", ""jId"": ""TRBJ2-2*01"", ""jStart"": 7, ""vCanonical"": true, ""vEnd"": 5, ""vFixType"": ""NoFixNeeded"", ""vId"": ""TRBV5-6*01""}",0
0,TRB,CASSLGGEETQYF,TRBV7-6*01,TRBJ2-5*01,HomoSapiens,HLA-A*02:01,B2M,MHCI,GLCTLVAML,BMLF1,EBV,PMID:28636589,"{""frequency"": ""0.001"", ""identification"": ""tetramer-sort"", ""sequencing"": ""amplicon-seq"", ""singlecell"": """", ""verification"": """"}","{""cell.subset"": """", ""clone.id"": """", ""donor.MHC"": """", ""donor.MHC.method"": """", ""epitope.id"": """", ""replica.id"": """", ""samples.found"": 1, ""structure.id"": """", ""studies.found"": 1, ""study.id"": ""davis-bulk"", ""subject.cohort"": """", ""subject.id"": ""subject-1mc13"", ""tissue"": ""PBMC""}","{""cdr3"": ""CASSLGGEETQYF"", ""cdr3_old"": ""CASSLGGEETQYF"", ""fixNeeded"": false, ""good"": true, ""jCanonical"": true, ""jFixType"": ""NoFixNeeded"", ""jId"": ""TRBJ2-5*01"", ""jStart"": 8, ""vCanonical"": true, ""vEnd"": 5, ""vFixType"": ""NoFixNeeded"", ""vId"": ""TRBV7-6*01""}",0
17674,TRB,CASSLGGEETQYF,TRBV12-3*01,TRBJ2-5*01,HomoSapiens,HLA-A*03:01,B2M,MHCI,KLGGALQAK,IE1,CMV,https://www.10xgenomics.com/resources/application-notes/a-new-way-of-exploring-immunity-linking-highly-multiplexed-antigen-recognition-to-immune-repertoire-and-phenotype/#,"{""frequency"": ""1/25584"", ""identification"": ""dextramer-sort"", ""sequencing"": ""rna-seq"", ""singlecell"": ""yes"", ""verification"": """"}","{""cell.subset"": """", ""clone.id"": """", ""donor.MHC"": """", ""donor.MHC.method"": """", ""epitope.id"": """", ""replica.id"": """", ""samples.found"": 1, ""structure.id"": """", ""studies.found"": 1, ""study.id"": """", ""subject.cohort"": """", ""subject.id"": ""3"", ""tissue"": """"}","{""cdr3"": ""CASSLGGEETQYF"", ""cdr3_old"": ""CASSLGGEETQYF"", ""fixNeeded"": false, ""good"": true, ""jCanonical"": true, ""jFixType"": ""NoFixNeeded"", ""jId"": ""TRBJ2-5*01"", ""jStart"": 8, ""vCanonical"": true, ""vEnd"": 5, ""vFixType"": ""NoFixNeeded"", ""vId"": ""TRBV12-3*01""}",0
0,TRB,CASSLGGEETQYF,TRBV5-1*01,TRBJ2-5*01,HomoSapiens,HLA-DRA1*01,HLA-DRB1*15,MHCII,LLQTGIHVRVSQPSL,pp65,CMV,https://github.com/antigenomics/vdjdb-db/issues/312,"{""frequency"": ""1/94"", ""identification"": ""antigen-loaded-targets"", ""sequencing"": ""sanger"", ""singlecell"": """", ""verification"": """"}","{""cell.subset"": ""CD4+CD25+OX40+CD39-"", ""clone.id"": """", ""donor.MHC"": ""HLA-DRB1*15"", ""donor.MHC.method"": """", ""epitope.id"": """", ""replica.id"": """", ""samples.found"": 1, ""structure.id"": """", ""studies.found"": 1, ""study.id"": """", ""subject.cohort"": ""healthy"", ""subject.id"": ""donor 1"", ""tissue"": ""PBMC""}","{""cdr3"": ""CASSLGGEETQYF"", ""cdr3_old"": ""CASSLGGEETQYF"", ""fixNeeded"": false, ""good"": true, ""jCanonical"": true, ""jFixType"": ""NoFixNeeded"", ""jId"": ""TRBJ2-5*01"", ""jStart"": 8, ""vCanonical"": true, ""vEnd"": 5, ""vFixType"": ""NoFixNeeded"", ""vId"": ""TRBV5-1*01""}",0
5111,TRB,CASSLGGNEQFF,TRBV12-4*01,TRBJ2-1*01,HomoSapiens,HLA-A*02:01,B2M,MHCI,ELAGIGILTV,MLANA,HomoSapiens,https://www.10xgenomics.com/resources/application-notes/a-new-way-of-exploring-immunity-linking-highly-multiplexed-antigen-recognition-to-immune-repertoire-and-phenotype/#,"{""frequency"": ""1/11684"", ""identification"": ""dextramer-sort"", ""sequencing"": ""rna-seq"", ""singlecell"": ""yes"", ""verification"": """"}","{""cell.subset"": """", ""clone.id"": """", ""donor.MHC"": """", ""donor.MHC.method"": """", ""epitope.id"": """", ""replica.id"": """", ""samples.found"": 1, ""structure.id"": """", ""studies.found"": 1, ""study.id"": """", ""subject.cohort"": """", ""subject.id"": ""1"", ""tissue"": """"}","{""cdr3"": ""CASSLGGNEQFF"", ""cdr3_old"": ""CASSLGGNEQFF"", ""fixNeeded"": false, ""good"": true, ""jCanonical"": true, ""jFixType"": ""NoFixNeeded"", ""jId"": ""TRBJ2-1*01"", ""jStart"": 7, ""vCanonical"": true, ""vEnd"": 5, ""vFixType"": ""NoFixNeeded"", ""vId"": ""TRBV12-4*01""}",0
0,TRB,CASSLGGNEQFF,TRBV5-1*01,TRBJ2-1*01,HomoSapiens,HLA-A*02,B2M,MHCI,NLVPMVATV,pp65,CMV,PMID:28423320,"{""frequency"": ""0.0020%"", ""identification"": ""antigen-loaded-targets,dextramer-sort"", ""sequencing"": ""amplicon-seq"", ""singlecell"": """", ""verification"": """"}","{""cell.subset"": ""CD8+"", ""clone.id"": """", ""donor.MHC"": """", ""donor.MHC.method"": """", ""epitope.id"": ""44920"", ""replica.id"": """", ""samples.found"": 1, ""structure.id"": """", ""studies.found"": 1, ""study.id"": """", ""subject.cohort"": """", ""subject.id"": """", ""tissue"": ""PBMC""}","{""cdr3"": ""CASSLGGNEQFF"", ""cdr3_old"": ""CASSLGGNEQFF"", ""fixNeeded"": false, ""good"": true, ""jCanonical"": true, ""jFixType"": ""NoFixNeeded"", ""jId"": ""TRBJ2-1*01"", ""jStart"": 7, ""vCanonical"": true, ""vEnd"": 5, ""vFixType"": ""NoFixNeeded"", ""vId"": ""TRBV5-1*01""}",0
3579,TRB,CASSLGGNEQFF,TRBV7-9*01,TRBJ2-1*01,HomoSapiens,HLA-B*08:01,B2M,MHCI,RAKFKQLL,BZLF1,EBV,https://www.10xgenomics.com/resources/application-notes/a-new-way-of-exploring-immunity-linking-highly-multiplexed-antigen-recognition-to-immune-repertoire-and-phenotype/#,"{""frequency"": ""1/11684"", ""identification"": ""dextramer-sort"", ""sequencing"": ""rna-seq"", ""singlecell"": ""yes"", ""verification"": """"}","{""cell.subset"": """", ""clone.id"": """", ""donor.MHC"": """", ""donor.MHC.method"": """", ""epitope.id"": """", ""replica.id"": """", ""samples.found"": 1, ""structure.id"": """", ""studies.found"": 1, ""study.id"": """", ""subject.cohort"": """", ""subject.id"": ""1"", ""tissue"": """"}","{""cdr3"": ""CASSLGGNEQFF"", ""cdr3_old"": ""CASSLGGNEQFF"", ""fixNeeded"": false, ""good"": true, ""jCanonical"": true, ""jFixType"": ""NoFixNeeded"", ""jId"": ""TRBJ2-1*01"", ""jStart"": 7, ""vCanonical"": true, ""vEnd"": 5, ""vFixType"": ""NoFixNeeded"", ""vId"": ""TRBV7-9*01""}",0
0,TRB,CASSLGGPYEQYF,TRBV6-6*01,TRBJ2-7*01,HomoSapiens,HLA-A*02:01,B2M,MHCI,GLCTLVAML,BMLF1,EBV,PMID:28636589,"{""frequency"": ""3e-04"", ""identification"": ""tetramer-sort"", ""sequencing"": ""amplicon-seq"", ""singlecell"": """", ""verification"": """"}","{""cell.subset"": """", ""clone.id"": """", ""donor.MHC"": """", ""donor.MHC.method"": """", ""epitope.id"": """", ""replica.id"": """", ""samples.found"": 1, ""structure.id"": """", ""studies.found"": 1, ""study.id"": ""davis-bulk"", ""subject.cohort"": """", ""subject.id"": ""subject-1mc13"", ""tissue"": ""PBMC""}","{""cdr3"": ""CASSLGGPYEQYF"", ""cdr3_old"": ""CASSLGGPYEQYF"", ""fixNeeded"": false, ""good"": true, ""jCanonical"": true, ""jFixType"": ""NoFixNeeded"", ""jId"": ""TRBJ2-7*01"", ""jStart"": 8, ""vCanonical"": true, ""vEnd"": 4, ""vFixType"": ""NoFixNeeded"", ""vId"": ""TRBV6-6*01""}",0
0,TRB,CASSLGGPYEQYF,TRBV28*01,TRBJ2-7*01,HomoSapiens,HLA-A*02,B2M,MHCI,NLVPMVATV,pp65,CMV,PMID:28423320,"{""frequency"": ""0.0008%"", ""identification"": ""antigen-loaded-targets,dextramer-sort"", ""sequencing"": ""amplicon-seq"", ""singlecell"": """", ""verification"": """"}","{""cell.subset"": ""CD8+"", ""clone.id"": """", ""donor.MHC"": """", ""donor.MHC.method"": """", ""epitope.id"": ""44920"", ""replica.id"": """", ""samples.found"": 1, ""structure.id"": """", ""studies.found"": 1, ""study.id"": """", ""subject.cohort"": """", ""subject.id"": """", ""tissue"": ""PBMC""}","{""cdr3"": ""CASSLGGPYEQYF"", ""cdr3_old"": ""CASSLGGPYEQYF"", ""fixNeeded"": false, ""good"": true, ""jCanonical"": true, ""jFixType"": ""NoFixNeeded"", ""jId"": ""TRBJ2-7*01"", ""jStart"": 8, ""vCanonical"": true, ""vEnd"": 5, ""vFixType"": ""NoFixNeeded"", ""vId"": ""TRBV28*01""}",0
8158,TRB,CASSLGGSEAFF,TRBV11-2*01,TRBJ1-1*01,HomoSapiens,HLA-A*11:01,B2M,MHCI,AVFDRKSDAK,EBNA4,EBV,https://www.10xgenomics.com/resources/application-notes/a-new-way-of-exploring-immunity-linking-highly-multiplexed-antigen-recognition-to-immune-repertoire-and-phenotype/#,"{""frequency"": ""1/33921"", ""identification"": ""dextramer-sort"", ""sequencing"": ""rna-seq"", ""singlecell"": ""yes"", ""verification"": """"}","{""cell.subset"": """", ""clone.id"": """", ""donor.MHC"": """", ""donor.MHC.method"": """", ""epitope.id"": """", ""replica.id"": """", ""samples.found"": 1, ""structure.id"": """", ""studies.found"": 1, ""study.id"": """", ""subject.cohort"": """", ""subject.id"": ""2"", ""tissue"": """"}","{""cdr3"": ""CASSLGGSEAFF"", ""cdr3_old"": ""CASSLGGSEAFF"", ""fixNeeded"": false, ""good"": true, ""jCanonical"": true, ""jFixType"": ""NoFixNeeded"", ""jId"": ""TRBJ1-1*01"", ""jStart"": 8, ""vCanonical"": true, ""vEnd"": 5, ""vFixType"": ""NoFixNeeded"", ""vId"": ""TRBV11-2*01""}",0
9424,TRB,CASSLGGSEAFF,TRBV11-2*01,TRBJ1-1*01,HomoSapiens,HLA-A*03:01,B2M,MHCI,KLGGALQAK,IE1,CMV,https://www.10xgenomics.com/resources/application-notes/a-new-way-of-exploring-immunity-linking-highly-multiplexed-antigen-recognition-to-immune-repertoire-and-phenotype/#,"{""frequency"": ""3/33921"", ""identification"": ""dextramer-sort"", ""sequencing"": ""rna-seq"", ""singlecell"": ""yes"", ""verification"": """"}","{""cell.subset"": """", ""clone.id"": """", ""donor.MHC"": """", ""donor.MHC.method"": """", ""epitope.id"": """", ""replica.id"": """", ""samples.found"": 1, ""structure.id"": """", ""studies.found"": 1, ""study.id"": """", ""subject.cohort"": """", ""subject.id"": ""2"", ""tissue"": """"}","{""cdr3"": ""CASSLGGSEAFF"", ""cdr3_old"": ""CASSLGGSEAFF"", ""fixNeeded"": false, ""good"": true, ""jCanonical"": true, ""jFixType"": ""NoFixNeeded"", ""jId"": ""TRBJ1-1*01"", ""jStart"": 8, ""vCanonical"": true, ""vEnd"": 5, ""vFixType"": ""NoFixNeeded"", ""vId"": ""TRBV11-2*01""}",0
0,TRB,CASSLGGSEAFF,TRBV27*01,TRBJ1-1*01,HomoSapiens,HLA-A*02,B2M,MHCI,NLVPMVATV,pp65,CMV,PMID:28423320,"{""frequency"": ""0.0473%"", ""identification"": ""antigen-loaded-targets,dextramer-sort"", ""sequencing"": ""amplicon-seq"", ""singlecell"": """", ""verification"": """"}","{""cell.subset"": ""CD8+"", ""clone.id"": """", ""donor.MHC"": """", ""donor.MHC.method"": """", ""epitope.id"": ""44920"", ""replica.id"": """", ""samples.found"": 1, ""structure.id"": """", ""studies.found"": 1, ""study.id"": """", ""subject.cohort"": """", ""subject.id"": """", ""tissue"": ""PBMC""}","{""cdr3"": ""CASSLGGSEAFF"", ""cdr3_old"": ""CASSLGGSEAFF"", ""fixNeeded"": false, ""good"": true, ""jCanonical"": true, ""jFixType"": ""NoFixNeeded"", ""jId"": ""TRBJ1-1*01"", ""jStart"": 8, ""vCanonical"": true, ""vEnd"": 5, ""vFixType"": ""NoFixNeeded"", ""vId"": ""TRBV27*01""}",0
0,TRB,CASSLIVAGGYNEQFF,TRBV7-3*01,TRBJ2-1*01,HomoSapiens,HLA-A*02,B2M,MHCI,NLVPMVATV,pp65,CMV,PMID:28423320,"{""frequency"": ""0.0258%"", ""identification"": ""antigen-loaded-targets,dextramer-sort"", ""sequencing"": ""amplicon-seq"", ""singlecell"": """", ""verification"": """"}","{""cell.subset"": ""CD8+"", ""clone.id"": """", ""donor.MHC"": """", ""donor.MHC.method"": """", ""epitope.id"": ""44920"", ""replica.id"": """", ""samples.found"": 1, ""structure.id"": """", ""studies.found"": 1, ""study.id"": """", ""subject.cohort"": """", ""subject.id"": """", ""tissue"": ""PBMC""}","{""cdr3"": ""CASSLIVAGGYNEQFF"", ""cdr3_old"": ""CASSLIVAGGYNEQFF"", ""fixNeeded"": false, ""good"": true, ""jCanonical"": true, ""jFixType"": ""NoFixNeeded"", ""jId"": ""TRBJ2-1*01"", ""jStart"": 10, ""vCanonical"": true, ""vEnd"": 5, ""vFixType"": ""NoFixNeeded"", ""vId"": ""TRBV7-3*01""}",0
5154,TRB,CASSLIVAGGYNEQFF,TRBV7-3*01,TRBJ2-1*01,HomoSapiens,HLA-B*08:01,B2M,MHCI,RAKFKQLL,BZLF1,EBV,https://www.10xgenomics.com/resources/application-notes/a-new-way-of-exploring-immunity-linking-highly-multiplexed-antigen-recognition-to-immune-repertoire-and-phenotype/#,"{""frequency"": ""1/33921"", ""identification"": ""dextramer-sort"", ""sequencing"": ""rna-seq"", ""singlecell"": ""yes"", ""verification"": """"}","{""cell.subset"": """", ""clone.id"": """", ""donor.MHC"": """", ""donor.MHC.method"": """", ""epitope.id"": """", ""replica.id"": """", ""samples.found"": 1, ""structure.id"": """", ""studies.found"": 1, ""study.id"": """", ""subject.cohort"": """", ""subject.id"": ""2"", ""tissue"": """"}","{""cdr3"": ""CASSLIVAGGYNEQFF"", ""cdr3_old"": ""CASSLIVAGGYNEQFF"", ""fixNeeded"": false, ""good"": true, ""jCanonical"": true, ""jFixType"": ""NoFixNeeded"", ""jId"": ""TRBJ2-1*01"", ""jStart"": 10, ""vCanonical"": true, ""vEnd"": 5, ""vFixType"": ""NoFixNeeded"", ""vId"": ""TRBV7-3*01""}",0
9708,TRB,CASSLSTDTQYF,TRBV5-4*01,TRBJ2-3*01,HomoSapiens,HLA-A*03:01,B2M,MHCI,KLGGALQAK,IE1,CMV,https://www.10xgenomics.com/resources/application-notes/a-new-way-of-exploring-immunity-linking-highly-multiplexed-antigen-recognition-to-immune-repertoire-and-phenotype/#,"{""frequency"": ""1/25584"", ""identification"": ""dextramer-sort"", ""sequencing"": ""rna-seq"", ""singlecell"": ""yes"", ""verification"": """"}","{""cell.subset"": """", ""clone.id"": """", ""donor.MHC"": """", ""donor.MHC.method"": """", ""epitope.id"": """", ""replica.id"": """", ""samples.found"": 1, ""structure.id"": """", ""studies.found"": 1, ""study.id"": """", ""subject.cohort"": """", ""subject.id"": ""3"", ""tissue"": """"}","{""cdr3"": ""CASSLSTDTQYF"", ""cdr3_old"": ""CASSLSTDTQYF"", ""fixNeeded"": false, ""good"": true, ""jCanonical"": true, ""jFixType"": ""NoFixNeeded"", ""jId"": ""TRBJ2-3*01"", ""jStart"": 5, ""vCanonical"": true, ""vEnd"": 5, ""vFixType"": ""NoFixNeeded"", ""vId"": ""TRBV5-4*01""}",0
0,TRB,CASSLSTDTQYF,TRBV28*01,TRBJ2-3*01,HomoSapiens,HLA-A*02,B2M,MHCI,NLVPMVATV,pp65,CMV,PMID:28423320,"{""frequency"": ""0.0250%"", ""identification"": ""antigen-loaded-targets,dextramer-sort"", ""sequencing"": ""amplicon-seq"", ""singlecell"": """", ""verification"": """"}","{""cell.subset"": ""CD8+"", ""clone.id"": """", ""donor.MHC"": """", ""donor.MHC.method"": """", ""epitope.id"": ""44920"", ""replica.id"": """", ""samples.found"": 1, ""structure.id"": """", ""studies.found"": 1, ""study.id"": """", ""subject.cohort"": """", ""subject.id"": """", ""tissue"": ""PBMC""}","{""cdr3"": ""CASSLSTDTQYF"", ""cdr3_old"": ""CASSLSTDTQYF"", ""fixNeeded"": false, ""good"": true, ""jCanonical"": true, ""jFixType"": ""NoFixNeeded"", ""jId"": ""TRBJ2-3*01"", ""jStart"": 5, ""vCanonical"": true, ""vEnd"": 5, ""vFixType"": ""NoFixNeeded"", ""vId"": ""TRBV28*01""}",0
18589,TRB,CASSLSTDTQYF,TRBV5-4*01,TRBJ2-3*01,HomoSapiens,HLA-A*03:01,B2M,MHCI,RLRAEAQVK,EBNA3A,EBV,https://www.10xgenomics.com/resources/application-notes/a-new-way-of-exploring-immunity-linking-highly-multiplexed-antigen-recognition-to-immune-repertoire-and-phenotype/#,"{""frequency"": ""1/25584"", ""identification"": ""dextramer-sort"", ""sequencing"": ""rna-seq"", ""singlecell"": ""yes"", ""verification"": """"}","{""cell.subset"": """", ""clone.id"": """", ""donor.MHC"": """", ""donor.MHC.method"": """", ""epitope.id"": """", ""replica.id"": """", ""samples.found"": 1, ""structure.id"": """", ""studies.found"": 1, ""study.id"": """", ""subject.cohort"": """", ""subject.id"": ""3"", ""tissue"": """"}","{""cdr3"": ""CASSLSTDTQYF"", ""cdr3_old"": ""CASSLSTDTQYF"", ""fixNeeded"": false, ""good"": true, ""jCanonical"": true, ""jFixType"": ""NoFixNeeded"", ""jId"": ""TRBJ2-3*01"", ""jStart"": 5, ""vCanonical"": true, ""vEnd"": 5, ""vFixType"": ""NoFixNeeded"", ""vId"": ""TRBV5-4*01""}",0
21198,TRB,CASSLWGNQPQHF,TRBV7-9*01,TRBJ1-5*01,HomoSapiens,HLA-A*11:01,B2M,MHCI,IVTDFSVIK,EBNA4,EBV,https://www.10xgenomics.com/resources/application-notes/a-new-way-of-exploring-immunity-linking-highly-multiplexed-antigen-recognition-to-immune-repertoire-and-phenotype/#,"{""frequency"": ""1/4761"", ""identification"": ""dextramer-sort"", ""sequencing"": ""rna-seq"", ""singlecell"": ""yes"", ""verification"": """"}","{""cell.subset"": """", ""clone.id"": """", ""donor.MHC"": """", ""donor.MHC.method"": """", ""epitope.id"": """", ""replica.id"": """", ""samples.found"": 1, ""structure.id"": """", ""studies.found"": 1, ""study.id"": """", ""subject.cohort"": """", ""subject.id"": ""4"", ""tissue"": """"}","{""cdr3"": ""CASSLWGNQPQHF"", ""cdr3_old"": ""CASSLWGNQPQHF"", ""fixNeeded"": false, ""good"": true, ""jCanonical"": true, ""jFixType"": ""NoFixNeeded"", ""jId"": ""TRBJ1-5*01"", ""jStart"": 7, ""vCanonical"": true, ""vEnd"": 5, ""vFixType"": ""NoFixNeeded"", ""vId"": ""TRBV7-9*01""}",0
0,TRB,CASSLWGNQPQHF,TRBV27*01,TRBJ1-5*01,HomoSapiens,HLA-A*02,B2M,MHCI,NLVPMVATV,pp65,CMV,PMID:28423320,"{""frequency"": ""0.0021%"", ""identification"": ""antigen-loaded-targets,dextramer-sort"", ""sequencing"": ""amplicon-seq"", ""singlecell"": """", ""verification"": """"}","{""cell.subset"": ""CD8+"", ""clone.id"": """", ""donor.MHC"": """", ""donor.MHC.method"": """", ""epitope.id"": ""44920"", ""replica.id"": """", ""samples.found"": 1, ""structure.id"": """", ""studies.found"": 1, ""study.id"": """", ""subject.cohort"": """", ""subject.id"": """", ""tissue"": ""PBMC""}","{""cdr3"": ""CASSLWGNQPQHF"", ""cdr3_old"": ""CASSLWGNQPQHF"", ""fixNeeded"": false, ""good"": true, ""jCanonical"": true, ""jFixType"": ""NoFixNeeded"", ""jId"": ""TRBJ1-5*01"", ""jStart"": 7, ""vCanonical"": true, ""vEnd"": 5, ""vFixType"": ""NoFixNeeded"", ""vId"": ""TRBV27*01""}",0
2677,TRB,CASSPRAGKETQYF,TRBV7-6*01,TRBJ2-5*01,HomoSapiens,HLA-A*11:01,B2M,MHCI,AVFDRKSDAK,EBNA4,EBV,https://www.10xgenomics.com/resources/application-notes/a-new-way-of-exploring-immunity-linking-highly-multiplexed-antigen-recognition-to-immune-repertoire-and-phenotype/#,"{""frequency"": ""1/11684"", ""identification"": ""dextramer-sort"", ""sequencing"": ""rna-seq"", ""singlecell"": ""yes"", ""verification"": """"}","{""cell.subset"": """", ""clone.id"": """", ""donor.MHC"": """", ""donor.MHC.method"": """", ""epitope.id"": """", ""replica.id"": """", ""samples.found"": 1, ""structure.id"": """", ""studies.found"": 1, ""study.id"": """", ""subject.cohort"": """", ""subject.id"": ""1"", ""tissue"": """"}","{""cdr3"": ""CASSPRAGKETQYF"", ""cdr3_old"": ""CASSPRAGKETQYF"", ""fixNeeded"": false, ""good"": true, ""jCanonical"": true, ""jFixType"": ""NoFixNeeded"", ""jId"": ""TRBJ2-5*01"", ""jStart"": 9, ""vCanonical"": true, ""vEnd"": 4, ""vFixType"": ""NoFixNeeded"", ""vId"": ""TRBV7-6*01""}",0
0,TRB,CASSPRAGKETQYF,TRBV12-4*01,TRBJ2-5*01,HomoSapiens,HLA-DRA1*01,HLA-DRB1*15,MHCII,LLQTGIHVRVSQPSL,pp65,CMV,https://github.com/antigenomics/vdjdb-db/issues/312,"{""frequency"": ""2/89"", ""identification"": ""antigen-loaded-targets"", ""sequencing"": ""sanger"", ""singlecell"": """", ""verification"": """"}","{""cell.subset"": ""CD4+CD25+OX40+CD39-"", ""clone.id"": """", ""donor.MHC"": ""HLA-DRB1*15"", ""donor.MHC.method"": """", ""epitope.id"": """", ""replica.id"": """", ""samples.found"": 1, ""structure.id"": """", ""studies.found"": 1, ""study.id"": """", ""subject.cohort"": ""healthy"", ""subject.id"": ""donor 2"", ""tissue"": ""PBMC""}","{""cdr3"": ""CASSPRAGKETQYF"", ""cdr3_old"": ""CASSPRAGKETQYF"", ""fixNeeded"": false, ""good"": true, ""jCanonical"": true, ""jFixType"": ""NoFixNeeded"", ""jId"": ""TRBJ2-5*01"", ""jStart"": 9, ""vCanonical"": true, ""vEnd"": 4, ""vFixType"": ""NoFixNeeded"", ""vId"": ""TRBV12-4*01""}",0
20505,TRB,CASSPSYNEQFF,TRBV27*01,TRBJ2-1*01,HomoSapiens,HLA-A*03:01,B2M,MHCI,KLGGALQAK,IE1,CMV,https://www.10xgenomics.com/resources/application-notes/a-new-way-of-exploring-immunity-linking-highly-multiplexed-antigen-recognition-to-immune-repertoire-and-phenotype/#,"{""frequency"": ""1/25584"", ""identification"": ""dextramer-sort"", ""sequencing"": ""rna-seq"", ""singlecell"": ""yes"", ""verification"": """"}","{""cell.subset"": """", ""clone.id"": """", ""donor.MHC"": """", ""donor.MHC.method"": """", ""epitope.id"": """", ""replica.id"": """", ""samples.found"": 1, ""structure.id"": """", ""studies.found"": 1, ""study.id"": """", ""subject.cohort"": """", ""subject.id"": ""3"", ""tissue"": """"}","{""cdr3"": ""CASSPSYNEQFF"", ""cdr3_old"": ""CASSPSYNEQFF"", ""fixNeeded"": false, ""good"": true, ""jCanonical"": true, ""jFixType"": ""NoFixNeeded"", ""jId"": ""TRBJ2-1*01"", ""jStart"": 5, ""vCanonical"": true, ""vEnd"": 4, ""vFixType"": ""NoFixNeeded"", ""vId"": ""TRBV27*01""}",0
0,TRB,CASSPSYNEQFF,TRBV19*01,TRBJ2-1*01,HomoSapiens,HLA-A*02,B2M,MHCI,NLVPMVATV,pp65,CMV,PMID:28423320,"{""frequency"": ""0.0024%"", ""identification"": ""antigen-loaded-targets,dextramer-sort"", ""sequencing"": ""amplicon-seq"", ""singlecell"": """", ""verification"": """"}","{""cell.subset"": ""CD8+"", ""clone.id"": """", ""donor.MHC"": """", ""donor.MHC.method"": """", ""epitope.id"": ""44920"", ""replica.id"": """", ""samples.found"": 1, ""structure.id"": """", ""studies.found"": 1, ""study.id"": """", ""subject.cohort"": """", ""subject.id"": """", ""tissue"": ""PBMC""}","{""cdr3"": ""CASSPSYNEQFF"", ""cdr3_old"": ""CASSPSYNEQFF"", ""fixNeeded"": false, ""good"": true, ""jCanonical"": true, ""jFixType"": ""NoFixNeeded"", ""jId"": ""TRBJ2-1*01"", ""jStart"": 5, ""vCanonical"": true, ""vEnd"": 4, ""vFixType"": ""NoFixNeeded"", ""vId"": ""TRBV19*01""}",0
20506,TRB,CASSPSYNEQFF,TRBV27*01,TRBJ2-1*01,HomoSapiens,HLA-A*03:01,B2M,MHCI,RLRAEAQVK,EBNA3A,EBV,https://www.10xgenomics.com/resources/application-notes/a-new-way-of-exploring-immunity-linking-highly-multiplexed-antigen-recognition-to-immune-repertoire-and-phenotype/#,"{""frequency"": ""1/25584"", ""identification"": ""dextramer-sort"", ""sequencing"": ""rna-seq"", ""singlecell"": ""yes"", ""verification"": """"}","{""cell.subset"": """", ""clone.id"": """", ""donor.MHC"": """", ""donor.MHC.method"": """", ""epitope.id"": """", ""replica.id"": """", ""samples.found"": 1, ""structure.id"": """", ""studies.found"": 1, ""study.id"": """", ""subject.cohort"": """", ""subject.id"": ""3"", ""tissue"": """"}","{""cdr3"": ""CASSPSYNEQFF"", ""cdr3_old"": ""CASSPSYNEQFF"", ""fixNeeded"": false, ""good"": true, ""jCanonical"": true, ""jFixType"": ""NoFixNeeded"", ""jId"": ""TRBJ2-1*01"", ""jStart"": 5, ""vCanonical"": true, ""vEnd"": 4, ""vFixType"": ""NoFixNeeded"", ""vId"": ""TRBV27*01""}",0
0,TRB,CASSQERGGKWAYEQYF,TRBV4-3*01,TRBJ2-7*01,HomoSapiens,HLA-A*02:01,B2M,MHCI,GILGFVFTL,M,InfluenzaA,PMID:28636589,"{""frequency"": ""1/184"", ""identification"": ""tetramer-sort"", ""sequencing"": ""amplicon-seq"", ""singlecell"": ""yes"", ""verification"": """"}","{""cell.subset"": """", ""clone.id"": """", ""donor.MHC"": """", ""donor.MHC.method"": """", ""epitope.id"": """", ""replica.id"": """", ""samples.found"": 1, ""structure.id"": """", ""studies.found"": 1, ""study.id"": ""davis-single-cell"", ""subject.cohort"": """", ""subject.id"": ""subject.0275"", ""tissue"": ""PBMC""}","{""cdr3"": ""CASSQERGGKWAYEQYF"", ""cdr3_old"": ""CASSQERGGKWAYEQYF"", ""fixNeeded"": false, ""good"": true, ""jCanonical"": true, ""jFixType"": ""NoFixNeeded"", ""jId"": ""TRBJ2-7*01"", ""jStart"": 12, ""vCanonical"": true, ""vEnd"": 5, ""vFixType"": ""NoFixNeeded"", ""vId"": ""TRBV4-3*01""}",0
0,TRB,CASSQERGGKWAYEQYF,TRBV4-3*01,TRBJ2-7*01,HomoSapiens,HLA-A*02:01,B2M,MHCI,GLCTLVAML,BMLF1,EBV,PMID:28636589,"{""frequency"": ""0.001"", ""identification"": ""tetramer-sort"", ""sequencing"": ""amplicon-seq"", ""singlecell"": """", ""verification"": """"}","{""cell.subset"": """", ""clone.id"": """", ""donor.MHC"": """", ""donor.MHC.method"": """", ""epitope.id"": """", ""replica.id"": """", ""samples.found"": 1, ""structure.id"": """", ""studies.found"": 1, ""study.id"": ""davis-bulk"", ""subject.cohort"": """", ""subject.id"": ""subject-1mc1"", ""tissue"": ""PBMC""}","{""cdr3"": ""CASSQERGGKWAYEQYF"", ""cdr3_old"": ""CASSQERGGKWAYEQYF"", ""fixNeeded"": false, ""good"": true, ""jCanonical"": true, ""jFixType"": ""NoFixNeeded"", ""jId"": ""TRBJ2-7*01"", ""jStart"": 12, ""vCanonical"": true, ""vEnd"": 5, ""vFixType"": ""NoFixNeeded"", ""vId"": ""TRBV4-3*01""}",0
1003,TRB,CASSQERGGKWAYEQYF,TRBV4-3*01,TRBJ2-7*01,HomoSapiens,HLA-A*02:01,B2M,MHCI,NLVPMVATV,pp65,CMV,PMID:28636589,"{""frequency"": ""1/88"", ""identification"": ""tetramer-sort"", ""sequencing"": ""amplicon-seq"", ""singlecell"": ""yes"", ""verification"": """"}","{""cell.subset"": """", ""clone.id"": """", ""donor.MHC"": """", ""donor.MHC.method"": """", ""epitope.id"": """", ""replica.id"": """", ""samples.found"": 1, ""structure.id"": """", ""studies.found"": 1, ""study.id"": ""davis-single-cell"", ""subject.cohort"": """", ""subject.id"": ""subject.2533"", ""tissue"": ""PBMC""}","{""cdr3"": ""CASSQERGGKWAYEQYF"", ""cdr3_old"": ""CASSQERGGKWAYEQYF"", ""fixNeeded"": false, ""good"": true, ""jCanonical"": true, ""jFixType"": ""NoFixNeeded"", ""jId"": ""TRBJ2-7*01"", ""jStart"": 12, ""vCanonical"": true, ""vEnd"": 5, ""vFixType"": ""NoFixNeeded"", ""vId"": ""TRBV4-3*01""}",0
0,TRB,CASSQERGGKWAYEQYF,TRBV4-3*01,TRBJ2-7*01,HomoSapiens,HLA-A*01:01,B2M,MHCI,VTEHDTLLY,pp50,CMV,PMID:28636589,"{""frequency"": ""0.1"", ""identification"": ""tetramer-sort"", ""sequencing"": ""amplicon-seq"", ""singlecell"": """", ""verification"": """"}","{""cell.subset"": """", ""clone.id"": """", ""donor.MHC"": """", ""donor.MHC.method"": """", ""epitope.id"": """", ""replica.id"": """", ""samples.found"": 1, ""structure.id"": """", ""studies.found"": 1, ""study.id"": ""davis-bulk"", ""subject.cohort"": """", ""subject.id"": ""subject-3183"", ""tissue"": ""PBMC""}","{""cdr3"": ""CASSQERGGKWAYEQYF"", ""cdr3_old"": ""CASSQERGGKWAYEQYF"", ""fixNeeded"": false, ""good"": true, ""jCanonical"": true, ""jFixType"": ""NoFixNeeded"", ""jId"": ""TRBJ2-7*01"", ""jStart"": 12, ""vCanonical"": true, ""vEnd"": 5, ""vFixType"": ""NoFixNeeded"", ""vId"": ""TRBV4-3*01""}",1
6651,TRB,CASSRDSSANEQFF,TRBV10-1*01,TRBJ2-1*01,HomoSapiens,HLA-A*03:01,B2M,MHCI,KLGGALQAK,IE1,CMV,https://www.10xgenomics.com/resources/application-notes/a-new-way-of-exploring-immunity-linking-highly-multiplexed-antigen-recognition-to-immune-repertoire-and-phenotype/#,"{""frequency"": ""9/33921"", ""identification"": ""dextramer-sort"", ""sequencing"": ""rna-seq"", ""singlecell"": ""yes"", ""verification"": """"}","{""cell.subset"": """", ""clone.id"": """", ""donor.MHC"": """", ""donor.MHC.method"": """", ""epitope.id"": """", ""replica.id"": """", ""samples.found"": 1, ""structure.id"": """", ""studies.found"": 1, ""study.id"": """", ""subject.cohort"": """", ""subject.id"": ""2"", ""tissue"": """"}","{""cdr3"": ""CASSRDSSANEQFF"", ""cdr3_old"": ""CASSRDSSANEQFF"", ""fixNeeded"": false, ""good"": true, ""jCanonical"": true, ""jFixType"": ""NoFixNeeded"", ""jId"": ""TRBJ2-1*01"", ""jStart"": 9, ""vCanonical"": true, ""vEnd"": 4, ""vFixType"": ""NoFixNeeded"", ""vId"": ""TRBV10-1*01""}",0
0,TRB,CASSRDSSANEQFF,TRBV4-1*01,TRBJ2-1*01,HomoSapiens,HLA-A*02,B2M,MHCI,NLVPMVATV,pp65,CMV,PMID:28423320,"{""frequency"": ""0.0001%"", ""identification"": ""antigen-loaded-targets,dextramer-sort"", ""sequencing"": ""amplicon-seq"", ""singlecell"": """", ""verification"": """"}","{""cell.subset"": ""CD8+"", ""clone.id"": """", ""donor.MHC"": """", ""donor.MHC.method"": """", ""epitope.id"": ""44920"", ""replica.id"": """", ""samples.found"": 1, ""structure.id"": """", ""studies.found"": 1, ""study.id"": """", ""subject.cohort"": """", ""subject.id"": """", ""tissue"": ""PBMC""}","{""cdr3"": ""CASSRDSSANEQFF"", ""cdr3_old"": ""CASSRDSSANEQFF"", ""fixNeeded"": false, ""good"": true, ""jCanonical"": true, ""jFixType"": ""NoFixNeeded"", ""jId"": ""TRBJ2-1*01"", ""jStart"": 9, ""vCanonical"": true, ""vEnd"": 4, ""vFixType"": ""NoFixNeeded"", ""vId"": ""TRBV4-1*01""}",0
6137,TRB,CASSRDSSANEQFF,TRBV10-1*01,TRBJ2-1*01,HomoSapiens,HLA-B*08:01,B2M,MHCI,RAKFKQLL,BZLF1,EBV,https://www.10xgenomics.com/resources/application-notes/a-new-way-of-exploring-immunity-linking-highly-multiplexed-antigen-recognition-to-immune-repertoire-and-phenotype/#,"{""frequency"": ""1/33921"", ""identification"": ""dextramer-sort"", ""sequencing"": ""rna-seq"", ""singlecell"": ""yes"", ""verification"": """"}","{""cell.subset"": """", ""clone.id"": """", ""donor.MHC"": """", ""donor.MHC.method"": """", ""epitope.id"": """", ""replica.id"": """", ""samples.found"": 1, ""structure.id"": """", ""studies.found"": 1, ""study.id"": """", ""subject.cohort"": """", ""subject.id"": ""2"", ""tissue"": """"}","{""cdr3"": ""CASSRDSSANEQFF"", ""cdr3_old"": ""CASSRDSSANEQFF"", ""fixNeeded"": false, ""good"": true, ""jCanonical"": true, ""jFixType"": ""NoFixNeeded"", ""jId"": ""TRBJ2-1*01"", ""jStart"": 9, ""vCanonical"": true, ""vEnd"": 4, ""vFixType"": ""NoFixNeeded"", ""vId"": ""TRBV10-1*01""}",0
0,TRB,CASSSVNEQYF,TRBV7-8*01,TRBJ2-7*01,HomoSapiens,HLA-B*08:01,B2M,MHCI,FLRGRAYGL,EBNA3A,EBV,PMID:23267020,"{""frequency"": ""1/70"", ""identification"": ""multimer-sort"", ""sequencing"": ""sanger"", ""singlecell"": """", ""verification"": """"}","{""cell.subset"": ""CD8+"", ""clone.id"": """", ""donor.MHC"": ""HLA-A*01, HLA-A*02, HLA-B*08, HLA-B*44"", ""donor.MHC.method"": """", ""epitope.id"": """", ""replica.id"": """", ""samples.found"": 1, ""structure.id"": """", ""studies.found"": 1, ""study.id"": """", ""subject.cohort"": ""healthy, multimer-positive"", ""subject.id"": ""47-3970"", ""tissue"": ""PBMC""}","{""cdr3"": ""CASSSVNEQYF"", ""cdr3_old"": ""CASSSVNEQYF"", ""fixNeeded"": false, ""good"": true, ""jCanonical"": true, ""jFixType"": ""NoFixNeeded"", ""jId"": ""TRBJ2-7*01"", ""jStart"": 7, ""vCanonical"": true, ""vEnd"": 4, ""vFixType"": ""NoFixNeeded"", ""vId"": ""TRBV7-8*01""}",0
0,TRB,CASSSVNEQYF,TRBV12-4*01,TRBJ2-7*01,HomoSapiens,HLA-A*02:01,B2M,MHCI,NLVPMVATV,pp65,CMV,PMID:24711416,"{""frequency"": ""1524/10064"", ""identification"": ""tetramer-sort"", ""sequencing"": ""amplicon-seq"", ""singlecell"": """", ""verification"": """"}","{""cell.subset"": ""CD3+CD8+"", ""clone.id"": """", ""donor.MHC"": ""A*02,A*02,B*14,B*15,C*03,C*08:25"", ""donor.MHC.method"": ""PCR-SSP (AllSet Gold SSP HLA- ABDRDQ Low Res Kit and HLA-Cw Low Res Kit (Invitrogen))"", ""epitope.id"": """", ""replica.id"": """", ""samples.found"": 2, ""structure.id"": """", ""studies.found"": 1, ""study.id"": """", ""subject.cohort"": ""healthy, CMV-seropositive"", ""subject.id"": ""A2"", ""tissue"": ""PBMC""}","{""cdr3"": ""CASSSVNEQYF"", ""cdr3_old"": ""CASSSVNEQYF"", ""fixNeeded"": false, ""good"": true, ""jCanonical"": true, ""jFixType"": ""NoFixNeeded"", ""jId"": ""TRBJ2-7*01"", ""jStart"": 7, ""vCanonical"": true, ""vEnd"": 4, ""vFixType"": ""NoFixNeeded"", ""vId"": ""TRBV12-4*01""}",1
0,TRB,CASSVVGNEQFF,TRBV9*01,TRBJ2-1*01,HomoSapiens,HLA-A*02:01,B2M,MHCI,GLCTLVAML,BMLF1,EBV,PMID:28636589,"{""frequency"": ""0.01"", ""identification"": ""tetramer-sort"", ""sequencing"": ""amplicon-seq"", ""singlecell"": """", ""verification"": """"}","{""cell.subset"": """", ""clone.id"": """", ""donor.MHC"": """", ""donor.MHC.method"": """", ""epitope.id"": """", ""replica.id"": """", ""samples.found"": 2, ""structure.id"": """", ""studies.found"": 2, ""study.id"": ""davis-bulk"", ""subject.cohort"": """", ""subject.id"": ""subject-1mc1"", ""tissue"": ""PBMC""}","{""cdr3"": ""CASSVVGNEQFF"", ""cdr3_old"": ""CASSVVGNEQFF"", ""fixNeeded"": false, ""good"": true, ""jCanonical"": true, ""jFixType"": ""NoFixNeeded"", ""jId"": ""TRBJ2-1*01"", ""jStart"": 7, ""vCanonical"": true, ""vEnd"": 5, ""vFixType"": ""NoFixNeeded"", ""vId"": ""TRBV9*01""}",0
0,TRB,CASSVVGNEQFF,TRBV9*01,TRBJ2-1*01,HomoSapiens,HLA-A*02,B2M,MHCI,NLVPMVATV,pp65,CMV,PMID:28423320,"{""frequency"": ""0.0037%"", ""identification"": ""antigen-loaded-targets,dextramer-sort"", ""sequencing"": ""amplicon-seq"", ""singlecell"": """", ""verification"": """"}","{""cell.subset"": ""CD8+"", ""clone.id"": """", ""donor.MHC"": """", ""donor.MHC.method"": """", ""epitope.id"": ""44920"", ""replica.id"": """", ""samples.found"": 1, ""structure.id"": """", ""studies.found"": 1, ""study.id"": """", ""subject.cohort"": """", ""subject.id"": """", ""tissue"": ""PBMC""}","{""cdr3"": ""CASSVVGNEQFF"", ""cdr3_old"": ""CASSVVGNEQFF"", ""fixNeeded"": false, ""good"": true, ""jCanonical"": true, ""jFixType"": ""NoFixNeeded"", ""jId"": ""TRBJ2-1*01"", ""jStart"": 7, ""vCanonical"": true, ""vEnd"": 5, ""vFixType"": ""NoFixNeeded"", ""vId"": ""TRBV9*01""}",0
156,TRB,CSARDGTGNGYTF,TRBV20-1*01,TRBJ1-2*01,HomoSapiens,HLA-A*02:01:48,B2M,MHCI,GLCTLVAML,BMLF1,EBV,PMID:21124993,"{""frequency"": """", ""identification"": """", ""sequencing"": """", ""singlecell"": """", ""verification"": """"}","{""cell.subset"": """", ""clone.id"": """", ""donor.MHC"": """", ""donor.MHC.method"": """", ""epitope.id"": """", ""replica.id"": """", ""samples.found"": 1, ""structure.id"": ""3o4l"", ""studies.found"": 1, ""study.id"": """", ""subject.cohort"": """", ""subject.id"": """", ""tissue"": """"}","{""cdr3"": ""CSARDGTGNGYTF"", ""cdr3_old"": ""CSARDGTGNGYTF"", ""fixNeeded"": false, ""good"": true, ""jCanonical"": true, ""jFixType"": ""NoFixNeeded"", ""jId"": ""TRBJ1-2*01"", ""jStart"": 9, ""vCanonical"": true, ""vEnd"": 4, ""vFixType"": ""NoFixNeeded"", ""vId"": ""TRBV20-1*01""}",3
0,TRB,CSARDGTGNGYTF,TRBV20-1*01,TRBJ1-2*01,HomoSapiens,HLA-A*02,B2M,MHCI,NLVPMVATV,pp65,CMV,PMID:28423320,"{""frequency"": ""0.0204%"", ""identification"": ""antigen-loaded-targets,dextramer-sort"", ""sequencing"": ""amplicon-seq"", ""singlecell"": """", ""verification"": """"}","{""cell.subset"": ""CD8+"", ""clone.id"": """", ""donor.MHC"": """", ""donor.MHC.method"": """", ""epitope.id"": ""44920"", ""replica.id"": """", ""samples.found"": 1, ""structure.id"": """", ""studies.found"": 1, ""study.id"": """", ""subject.cohort"": """", ""subject.id"": """", ""tissue"": ""PBMC""}","{""cdr3"": ""CSARDGTGNGYTF"", ""cdr3_old"": ""CSARDGTGNGYTF"", ""fixNeeded"": false, ""good"": true, ""jCanonical"": true, ""jFixType"": ""NoFixNeeded"", ""jId"": ""TRBJ1-2*01"", ""jStart"": 9, ""vCanonical"": true, ""vEnd"": 4, ""vFixType"": ""NoFixNeeded"", ""vId"": ""TRBV20-1*01""}",0
0,TRB,CSARIGVGNTIYF,TRBV20-1*01,TRBJ1-3*01,HomoSapiens,HLA-A*02,B2M,MHCI,GLCTLVAML,BMLF1,EBV,PMID:10925283,"{""frequency"": """", ""identification"": ""MHC-peptide-beads,cultivated-t-cells"", ""sequencing"": ""sanger"", ""singlecell"": """", ""verification"": ""tetramer-sort,antigen-loaded-targets""}","{""cell.subset"": ""CD8"", ""clone.id"": """", ""donor.MHC"": """", ""donor.MHC.method"": """", ""epitope.id"": """", ""replica.id"": """", ""samples.found"": 1, ""structure.id"": """", ""studies.found"": 1, ""study.id"": """", ""subject.cohort"": ""rheumatoid arthritis, previously documented reactivity against EBV"", ""subject.id"": ""RA3"", ""tissue"": ""synovial fluid""}","{""cdr3"": ""CSARIGVGNTIYF"", ""cdr3_old"": ""CSARIGVGNTIYFG"", ""fixNeeded"": true, ""good"": true, ""jCanonical"": true, ""jFixType"": ""FixTrim"", ""jId"": ""TRBJ1-3*01"", ""jStart"": 7, ""vCanonical"": true, ""vEnd"": 4, ""vFixType"": ""NoFixNeeded"", ""vId"": ""TRBV20-1*01""}",2
0,TRB,CSARIGVGNTIYF,TRBV20-1*01,TRBJ1-3*01,HomoSapiens,HLA-A*02,B2M,MHCI,NLVPMVATV,pp65,CMV,PMID:28423320,"{""frequency"": ""0.0073%"", ""identification"": ""antigen-loaded-targets,dextramer-sort"", ""sequencing"": ""amplicon-seq"", ""singlecell"": """", ""verification"": """"}","{""cell.subset"": ""CD8+"", ""clone.id"": """", ""donor.MHC"": """", ""donor.MHC.method"": """", ""epitope.id"": ""44920"", ""replica.id"": """", ""samples.found"": 1, ""structure.id"": """", ""studies.found"": 1, ""study.id"": """", ""subject.cohort"": """", ""subject.id"": """", ""tissue"": ""PBMC""}","{""cdr3"": ""CSARIGVGNTIYF"", ""cdr3_old"": ""CSARIGVGNTIYF"", ""fixNeeded"": false, ""good"": true, ""jCanonical"": true, ""jFixType"": ""NoFixNeeded"", ""jId"": ""TRBJ1-3*01"", ""jStart"": 7, ""vCanonical"": true, ""vEnd"": 4, ""vFixType"": ""NoFixNeeded"", ""vId"": ""TRBV20-1*01""}",0
10253,TRB,CSVAGGANYGYTF,TRBV29-1*01,TRBJ1-2*01,HomoSapiens,HLA-A*11:01,B2M,MHCI,AVFDRKSDAK,EBNA4,EBV,https://www.10xgenomics.com/resources/application-notes/a-new-way-of-exploring-immunity-linking-highly-multiplexed-antigen-recognition-to-immune-repertoire-and-phenotype/#,"{""frequency"": ""1/25584"", ""identification"": ""dextramer-sort"", ""sequencing"": ""rna-seq"", ""singlecell"": ""yes"", ""verification"": """"}","{""cell.subset"": """", ""clone.id"": """", ""donor.MHC"": """", ""donor.MHC.method"": """", ""epitope.id"": """", ""replica.id"": """", ""samples.found"": 1, ""structure.id"": """", ""studies.found"": 1, ""study.id"": """", ""subject.cohort"": """", ""subject.id"": ""3"", ""tissue"": """"}","{""cdr3"": ""CSVAGGANYGYTF"", ""cdr3_old"": ""CSVAGGANYGYTF"", ""fixNeeded"": false, ""good"": true, ""jCanonical"": true, ""jFixType"": ""NoFixNeeded"", ""jId"": ""TRBJ1-2*01"", ""jStart"": 7, ""vCanonical"": true, ""vEnd"": 3, ""vFixType"": ""NoFixNeeded"", ""vId"": ""TRBV29-1*01""}",0
0,TRB,CSVAGGANYGYTF,TRBV29-1*01,TRBJ1-2*01,HomoSapiens,HLA-A*02,B2M,MHCI,NLVPMVATV,pp65,CMV,PMID:28423320,"{""frequency"": ""0.0286%"", ""identification"": ""antigen-loaded-targets,dextramer-sort"", ""sequencing"": ""amplicon-seq"", ""singlecell"": """", ""verification"": """"}","{""cell.subset"": ""CD8+"", ""clone.id"": """", ""donor.MHC"": """", ""donor.MHC.method"": """", ""epitope.id"": ""44920"", ""replica.id"": """", ""samples.found"": 1, ""structure.id"": """", ""studies.found"": 1, ""study.id"": """", ""subject.cohort"": """", ""subject.id"": """", ""tissue"": ""PBMC""}","{""cdr3"": ""CSVAGGANYGYTF"", ""cdr3_old"": ""CSVAGGANYGYTF"", ""fixNeeded"": false, ""good"": true, ""jCanonical"": true, ""jFixType"": ""NoFixNeeded"", ""jId"": ""TRBJ1-2*01"", ""jStart"": 7, ""vCanonical"": true, ""vEnd"": 3, ""vFixType"": ""NoFixNeeded"", ""vId"": ""TRBV29-1*01""}",0
